instance_id,dependency_depth,semantic_hit,graph_hit,category
sympy__0001,2,True,True,both
pytest__0002,2,True,True,both
astropy__0003,3,False,True,graph_only
scikit-learn__0004,1,False,True,graph_only
sympy__0005,2,True,True,both
astropy__0006,2,True,True,both
matplotlib__0007,1,True,True,both
matplotlib__0008,2,True,True,both
astropy__0009,1,True,True,both
matplotlib__0010,3,False,True,graph_only
sympy__0011,2,False,True,graph_only
scikit-learn__0012,1,True,True,both
sympy__0013,2,False,True,graph_only
sympy__0014,2,True,True,both
astropy__0015,2,False,True,graph_only
pytest__0016,2,False,True,graph_only
pytest__0017,2,True,False,semantic_only
scikit-learn__0018,3,True,True,both
astropy__0019,3,False,True,graph_only
pytest__0020,2,False,True,graph_only
matplotlib__0021,2,False,True,graph_only
pytest__0022,1,True,True,both
matplotlib__0023,2,True,True,both
scikit-learn__0024,3,True,True,both
sympy__0025,3,True,True,both
sympy__0026,2,True,True,both
pytest__0027,3,True,False,semantic_only
matplotlib__0028,1,True,True,both
django__0029,3,True,True,both
requests__0030,2,True,True,both
django__0031,1,False,True,graph_only
requests__0032,2,True,True,both
django__0033,2,False,True,graph_only
sympy__0034,2,True,True,both
astropy__0035,2,True,True,both
sympy__0036,2,True,False,semantic_only
requests__0037,3,False,True,graph_only
astropy__0038,2,True,True,both
matplotlib__0039,3,False,True,graph_only
pytest__0040,1,True,True,both
django__0041,2,True,True,both
matplotlib__0042,1,True,False,semantic_only
matplotlib__0043,2,True,True,both
pytest__0044,2,False,True,graph_only
matplotlib__0045,1,True,True,both
pytest__0046,2,True,True,both
scikit-learn__0047,2,False,True,graph_only
pytest__0048,2,True,True,both
requests__0049,1,False,True,graph_only
django__0050,2,False,False,neither
astropy__0051,3,True,True,both
astropy__0052,2,False,True,graph_only
django__0053,1,True,True,both
astropy__0054,2,True,True,both
pytest__0055,1,True,False,semantic_only
requests__0056,2,False,True,graph_only
scikit-learn__0057,2,True,True,both
requests__0058,2,False,False,neither
astropy__0059,1,True,True,both
scikit-learn__0060,2,True,True,both
django__0061,1,False,True,graph_only
scikit-learn__0062,1,False,True,graph_only
matplotlib__0063,1,True,True,both
sympy__0064,2,True,False,semantic_only
matplotlib__0065,3,False,True,graph_only
django__0066,1,True,True,both
astropy__0067,3,False,False,neither
astropy__0068,2,True,True,both
scikit-learn__0069,3,True,True,both
pytest__0070,1,False,True,graph_only
requests__0071,1,True,True,both
sympy__0072,3,True,False,semantic_only
pytest__0073,2,True,True,both
django__0074,3,True,True,both
requests__0075,2,True,True,both
astropy__0076,3,False,True,graph_only
scikit-learn__0077,1,True,True,both
requests__0078,2,True,True,both
astropy__0079,3,True,True,both
pytest__0080,3,True,True,both
pytest__0081,2,True,True,both
sympy__0082,1,True,False,semantic_only
sympy__0083,1,False,True,graph_only
scikit-learn__0084,3,True,True,both
requests__0085,3,True,True,both
sympy__0086,1,False,True,graph_only
pytest__0087,2,True,True,both
requests__0088,3,False,True,graph_only
pytest__0089,1,True,True,both
django__0090,2,True,True,both
pytest__0091,3,False,True,graph_only
scikit-learn__0092,1,False,True,graph_only
matplotlib__0093,1,True,True,both
django__0094,1,False,True,graph_only
django__0095,2,True,True,both
scikit-learn__0096,2,True,True,both
requests__0097,3,True,False,semantic_only
requests__0098,1,True,False,semantic_only
scikit-learn__0099,1,True,True,both
sympy__0100,3,False,True,graph_only
