system,failure_category,count
baseline,wrong_localization,26
baseline,syntax_failure,5
baseline,root_cause_failure,7
baseline,incomplete_patch,13
baseline,missing_context,20
baseline,dependency_reasoning_failure,10
lexical,wrong_localization,27
lexical,missing_context,17
lexical,dependency_reasoning_failure,9
lexical,root_cause_failure,10
lexical,incomplete_patch,9
lexical,syntax_failure,2
dense,missing_context,17
dense,dependency_reasoning_failure,13
dense,wrong_localization,16
dense,root_cause_failure,13
dense,incomplete_patch,9
dense,test_misunderstanding,6
semantic,root_cause_failure,20
semantic,dependency_reasoning_failure,11
semantic,test_misunderstanding,7
semantic,incomplete_patch,7
semantic,missing_context,14
semantic,wrong_localization,16
graph,incomplete_patch,20
graph,missing_context,7
graph,test_misunderstanding,12
graph,dependency_reasoning_failure,2
graph,root_cause_failure,11
graph,regression,14
graph,wrong_localization,4
hierarchical,dependency_reasoning_failure,5
hierarchical,root_cause_failure,11
hierarchical,wrong_localization,8
hierarchical,incomplete_patch,20
hierarchical,test_misunderstanding,9
hierarchical,regression,7
hierarchical,missing_context,6
adaptive_full,regression,7
adaptive_full,wrong_localization,10
adaptive_full,root_cause_failure,4
adaptive_full,test_misunderstanding,7
adaptive_full,incomplete_patch,14
adaptive_full,missing_context,7
adaptive_full,dependency_reasoning_failure,3
random_structural,wrong_localization,38
random_structural,dependency_reasoning_failure,10
random_structural,root_cause_failure,5
random_structural,missing_context,21
random_structural,syntax_failure,4
random_structural,incomplete_patch,2
